{"optimal_params": [3.986858556866843, 2.082729586964371, 2.3458892225523282, 2.4002342133753216], "final_cost": -0.9876202417905122, "cost_trajectory": [0.0, -3.885780586188048e-16, 5.967448757360216e-16, 1.5831719457606566, -4.544975507059235e-16, 0.467730972856531, 1.716478672560219, 1.1102230246251565e-16, 0.039872964286563735, 1.2508400656448042, -0.389848190641213, 1.037615528079466, -0.039639839573681425, -0.23126377468292905, -0.4289384385783612, -0.5805127115610993, -0.5656227237099841, 0.004815834223651783, -0.6564176866689052, -0.30975924457752835, -0.6625374970993512, -0.8906997487471464, -0.7494417117105583, -0.8262011335308829, -0.8979910844665611, -0.8274114353596953, -0.90704097822128, -0.9194912523001186, -0.9408464829559262, -0.9331992181007616, -0.9478567134162416, -0.9525126455293327, -0.9490173526342833, -0.9409054561667866, -0.963985485699565, -0.9476258381076565, -0.9567406361089787, -0.9713609996043373, -0.9623926381866408, -0.9759485253206013, -0.9609546557950406, -0.9786215354246336, -0.9768799771546766, -0.9685093814716403, -0.9821672610350614, -0.9803576651118282, -0.9845302110268505, -0.9803991169693902, -0.9826082919078971, -0.9815240176108382, -0.987675353988592, -0.9876202417905122]}