{"random_final_cost": -0.7110632497385729, "random_optimal_params": [4.204409213730623, 2.872964150969997, 4.13687969617939, 0.7622091194859134], "random_cost_trajectory": [0.0, -5.551115123125783e-17, -5.412337245047638e-16, -0.3339730126764212, -0.30448354185027326, 0.5881909916038769, -0.37666440014799, 0.05949005679720448, -0.340994990196083, 0.18552095553608056, -0.25181431757245326, -0.18972685561108238, -0.4339864144965423, -0.33401863649591507, -0.19747851000939437, -0.5702083057537695, -0.48492078980975983, -0.5743696217771233, -0.5651497408445942, -0.5307064120557344, -0.5892059706270453, -0.5011302899696841, -0.5903913902220659, -0.625783532378654, -0.6405958049261606, -0.647107779752542, -0.5809375892556231, -0.6466053348685236, -0.6656291938989503, -0.6216186059540133, -0.6687153091143343, -0.6518496746704534, -0.6521720949092716, -0.6687547859094678, -0.6655246936204872, -0.6763259106314254, -0.6584093764686811, -0.6749897048231518, -0.6780675538202037, -0.6715934785184624, -0.6855994152197934, -0.6869667560485961, -0.6867741520533999, -0.6894555675763802, -0.690839187848758, -0.6889731081446153, -0.6925474505283669, -0.6938574702122872, -0.6935369746079836, -0.694421656810797, -0.6960260565431525, -0.6966338572381301, -0.6973160478772499, -0.6977808542312746, -0.6965000750887993, -0.6991664226041915, -0.6997265342547506, -0.6999689850029206, -0.6967495515083677, -0.6994143771829929, -0.7014838899228703, -0.6990267002137347, -0.7029259337636002, -0.7032791172268877, -0.7033915481825547, -0.7046191542849655, -0.7059635024504382, -0.7070404505499153, -0.7064279365224332, -0.7070935601811574, -0.7075698493641495, -0.7059096135360888, -0.7069181010343921, -0.7084165976210199, -0.7091476613659342, -0.7093195388911713, -0.7102950192505996, -0.7105959984618379, -0.7105471347844672, -0.710937372717056, -0.7110632497385729], "transfer_final_cost": -1.3552005042167599, "transfer_optimal_params": [3.8463052322138025, 1.9054426448885866, 2.3143912801450055, 2.7239802047104034], "transfer_cost_trajectory": [-0.8143622766908898, -0.19823989579728246, -0.2624528852057783, -0.28705294313741714, -0.29402238258912217, -0.2657613359756513, -0.6175304535034417, -0.31643285698444584, -0.5594403423398406, -0.752122444761818, -1.2442609250896974, -1.176058372934921, -1.131072902366006, -1.286392431917676, -1.210800727947869, -1.2082062054507636, -1.294788629711746, -1.2547395173764198, -1.2072085208670593, -1.3055326426691976, -1.1752008427678198, -1.3157054271499273, -1.3246328802362128, -1.3442051919725406, -1.3354121840674786, -1.3435358647717488, -1.3461589102067597, -1.3486910740158429, -1.3387985348378886, -1.3462438407793642, -1.35331608644275, -1.355048102125457, -1.3468704711765773, -1.351378987591913, -1.3533416736352015, -1.3525046566133023, -1.3544817807792848, -1.3548335048273352, -1.3556797833993377, -1.3552005042167599]}