{"random_final_cost": -1.994066759031927, "transfer_final_cost": -1.9986592317652736, "random_cost_trajectory": [-2.0816681711721685e-17, 1.8041124150158794e-16, -3.2612801348363973e-16, 0.6881585615987532, 0.6881585615987539, -0.2331494633542141, 0.3869770807595635, 0.09099919270662937, -0.6535411102756757, 0.17102910383417871, 0.541726574923884, -0.8456585910406986, -0.9453689178957827, -1.3436042563398003, -1.3612873577323499, -1.4799646617818587, -1.2056328350330945, -1.4805426417988787, -1.661804710090069, -1.6549094615475575, -1.5288607479765703, -1.5353727781015984, -1.5943847752311988, -1.6740007255650557, -1.7085321064027206, -1.6361356249479768, -1.7899892959938573, -1.8108813136929265, -1.7551962977915079, -1.8244420023067631, -1.8634421943173962, -1.8964556776813524, -1.913850395450391, -1.883132553987524, -1.9204953054644194, -1.9458750093382684, -1.9309021512324474, -1.950559499302834, -1.9398532885687403, -1.9400173526267572, -1.9479398267140626, -1.9570030448985323, -1.9657378304077202, -1.9701190812904361, -1.9523067315054305, -1.9664153467037067, -1.9708772800822068, -1.9666102028282453, -1.9735110437806394, -1.9725634745600393, -1.9805471167597988, -1.9820931241869313, -1.9841305579337187, -1.9839805260743621, -1.9803488558532178, -1.9878647767788848, -1.989795977239218, -1.9902479167020333, -1.989700308595518, -1.9899163502037378, -1.991661033334248, -1.9848885399527807, -1.9936308622008372, -1.993816050116505, -1.9934547024626024, -1.9944871992031405, -1.9921317833519534, -1.9951101541155536, -1.994066759031927], "transfer_cost_trajectory": [-0.5713328965322478, -1.1071416263428662, -0.8200544888091698, -0.7980894833419823, 0.4128086573493869, -1.0862789230167857, -1.7329138698156468, -1.0900347985280971, -1.8435313145317769, -0.07418392016590229, -1.7821704434520136, -1.1837133917940703, -0.2543173664569983, -1.3011506565074162, -1.8049272870309754, -1.6779029048031595, -1.9676171546166543, -1.9814482667401587, -1.9840198789524162, -1.9773480560504213, -1.979294958249993, -1.9282117108776622, -1.9839969151503245, -1.987974250212718, -1.9869319905957068, -1.9876445776469525, -1.989908190268553, -1.98561886338568, -1.9929517095796139, -1.9949430268801058, -1.9941677141796594, -1.9963385265380884, -1.9983325585043645, -1.998235725460443, -1.997971330994113, -1.9987599807278014, -1.998309942693215, -1.9935659036541717, -1.9989984995263224, -1.9985517065126435, -1.9986592317652736], "random_optimal_params": [2.7618937268648636, 2.3487217644722502, 1.635541873718996, 0.7538316229854896], "transfer_optimal_params": [5.263803047003125, 2.021598695528304, 2.2527063371498772, 2.022795992223652]}