{"optimal_params": [4.425643507018457, 1.7310393567962152, 2.6827046404295727, 1.8912517409473417], "final_cost": -0.9896430580850535, "cost_trajectory": [3.469446951953614e-17, -3.3306690738754696e-16, 3.3306690738754696e-16, 1.583171945760657, -6.38378239159465e-16, 0.46773097285653104, 1.7164786725602204, 2.7755575615628914e-17, -0.24226032636278258, 0.03987296428657206, -0.09357697814127705, -0.23625536381339313, -0.25666589112647387, -0.5259315046679804, -0.6694413137777685, -0.6426860214965265, -0.6241999481901038, -0.7387136908527141, -0.6613137012508135, -0.7431067171000199, -0.7543275866652063, -0.7649214615474802, -0.771043645695852, -0.7723862040510097, -0.7825023777015768, -0.7893856469957994, -0.794280455564742, -0.8016087627842425, -0.7977966621770629, -0.8088860728732621, -0.8091960498586779, -0.8121691972286329, -0.8094024000653299, -0.8113338773593509, -0.8166942264365037, -0.822641816536888, -0.8219845778459115, -0.8233935071742383, -0.8247653190591866, -0.8278782720652578, -0.8305688105916516, -0.8306926412606485, -0.8328389497094211, -0.8331372256251377, -0.8304477322868908, -0.8324742355824641, -0.8378952506602295, -0.8440048438207226, -0.843383517433369, -0.8468490463682659, -0.8492149733572942, -0.8502452884628812, -0.8530866007834167, -0.8547031426175105, -0.8521512631232463, -0.8519145713949727, -0.8597832839747814, -0.8673581753461053, -0.8719080329697307, -0.8749604763560226, -0.8803017777120622, -0.8857544308459411, -0.8812511680273896, -0.8862469279941397, -0.8904927265239515, -0.8931207208183908, -0.8948751694500833, -0.8940675091150317, -0.8931346405431572, -0.8984150136283486, -0.9048732331757217, -0.9183747438872059, -0.9433343053337891, -0.8773599727139894, -0.8970662256438517, -0.9433966210734959, -0.9299762493237734, -0.9436180029299119, -0.9354842319455694, -0.9437193674825372, -0.9468651224945968, -0.9518550047714391, -0.9462857988995547, -0.9542165710918613, -0.9596677089308969, -0.967059494346332, -0.9734952483148626, -0.9738504852405921, -0.9769517575435924, -0.9818271954926869, -0.9738231223099096, -0.9822824389580941, -0.9837393141919374, -0.9856556476764918, -0.9880796860313459, -0.9879092758766775, -0.9876299522037905, -0.9862973763953298, -0.988284850546709, -0.9896430580850535, -0.9890618846151155, -0.9880443576620566]}