{
  "random_init": {
    "costs": [
      -2.0816681711721685e-17,
      1.8041124150158794e-16,
      -3.2612801348363973e-16,
      0.6881585615987532,
      0.6881585615987539,
      -0.2331494633542141,
      0.3869770807595635,
      0.09099919270662937,
      -0.6535411102756757,
      0.17102910383417871
    ],
    "final_cost": -0.6535411102756757,
    "params": [
      2.891592653589793,
      2.570796326794897,
      2.434485872403246,
      0.8636895456083488
    ]
  },
  "direct_transfer": {
    "costs": [
      -0.5713328965322478,
      -1.1071416263428662,
      -0.8200544888091698,
      -0.7980894833419823,
      0.4128086573493869,
      -1.0862789230167857,
      -1.7329138698156468,
      -1.0900347985280971,
      -1.8435313145317769,
      -0.07418392016590229
    ],
    "final_cost": -1.8435313145317769,
    "params": [
      5.383452657769122,
      1.996564574798258,
      2.2531317347372957,
      2.0271594778836635
    ]
  },
  "noisy_transfer": {
    "costs": [
      -1.0213979609034345,
      -0.7970647478162787,
      0.21835613336389426,
      -0.9053306569205668,
      1.2517838701544062,
      -0.46020809647889716,
      -1.4472005935731787,
      0.2684755217922891,
      -1.6820436132701135,
      -1.1285711204811668
    ],
    "final_cost": -1.6820436132701135,
    "params": [
      3.6171201192027587,
      1.8726749979854276,
      2.2835823428689013,
      1.9098526109401477
    ]
  }
}